{
  "args": {
    "mode": "ours",
    "checkpoint": "/IMBR_Data/Student-home/2025M_LvShaoting/sam2_privacy_preprocessor/results_v100/B2_v100_ours_s1_steps5000/g_theta_final.pt",
    "uap_delta": null,
    "stage": 1,
    "channels": 32,
    "num_blocks": 4,
    "max_delta": 0.03137254901960784,
    "davis_root": "/IMBR_Data/Student-home/2025M_LvShaoting/sam2_privacy_preprocessor/data/davis",
    "videos": "dog-agility,drone,elephant,flamingo,drift-chicane,drift-straight,drift-turn,dogs-scale,dog-gooses",
    "max_frames": 80,
    "crf": [
      18,
      23,
      28,
      35
    ],
    "g_theta_size": 512,
    "ffmpeg_path": "ffmpeg",
    "sam2_checkpoint": "/IMBR_Data/Student-home/2025M_LvShaoting/sam2_privacy_preprocessor/checkpoints/sam2.1_hiera_tiny.pt",
    "sam2_config": "configs/sam2.1/sam2.1_hiera_t.yaml",
    "save_dir": "/IMBR_Data/Student-home/2025M_LvShaoting/sam2_privacy_preprocessor/results_v100",
    "tag": "B2S1_v100"
  },
  "results": [
    {
      "video": "dog-agility",
      "n_frames": 25,
      "jf_clean": 0.8900499457006131,
      "j_clean": 0.9188393374454493,
      "f_clean": 0.861260553955777,
      "jf_adv": 0.8925594570505361,
      "j_adv": 0.9281036234909498,
      "f_adv": 0.8570152906101225,
      "jf_codec": 0.882378753205074,
      "j_codec": 0.9227276415770805,
      "f_codec": 0.8420298648330674,
      "delta_jf_adv": -0.0025095113499229438,
      "delta_jf_codec": 0.007671192495539159,
      "mean_ssim": 0.9504245773484337,
      "mean_psnr": 32.3715934753418,
      "mean_lpips": 0.07617572247982025,
      "codec_sweep": {
        "crf18": {
          "jf": 0.882378753205074,
          "j": 0.9227276415770805,
          "f": 0.8420298648330674
        },
        "crf23": {
          "jf": 0.8483439095470728,
          "j": 0.8946432299595547,
          "f": 0.8020445891345911
        },
        "crf28": {
          "jf": 0.8672704389874951,
          "j": 0.915638225827351,
          "f": 0.8189026521476392
        },
        "crf35": {
          "jf": 0.8401994345868515,
          "j": 0.8998290680000649,
          "f": 0.780569801173638
        }
      }
    },
    {
      "video": "drone",
      "n_frames": 80,
      "jf_clean": 0.18611965972871236,
      "j_clean": 0.1705552726584353,
      "f_clean": 0.20168404679898946,
      "jf_adv": 0.18871518278958854,
      "j_adv": 0.17295477409815235,
      "f_adv": 0.2044755914810248,
      "jf_codec": 0.1922308890367909,
      "j_codec": 0.1764224822285767,
      "f_codec": 0.20803929584500497,
      "delta_jf_adv": -0.0025955230608761815,
      "delta_jf_codec": -0.006111229308078531,
      "mean_ssim": 0.9447672826155339,
      "mean_psnr": 33.6061897277832,
      "mean_lpips": 0.10526270996779204,
      "codec_sweep": {
        "crf18": {
          "jf": 0.1922308890367909,
          "j": 0.1764224822285767,
          "f": 0.20803929584500497
        },
        "crf23": {
          "jf": 0.18738612830163132,
          "j": 0.1708630364748896,
          "f": 0.20390922012837304
        },
        "crf28": {
          "jf": 0.18239459318611564,
          "j": 0.16687484269374156,
          "f": 0.19791434367848976
        },
        "crf35": {
          "jf": 0.16566000109017048,
          "j": 0.15096343593326775,
          "f": 0.18035656624707325
        }
      }
    },
    {
      "video": "elephant",
      "n_frames": 80,
      "jf_clean": 0.8552775341375419,
      "j_clean": 0.9621119501983516,
      "f_clean": 0.748443118076732,
      "jf_adv": 0.855655961021253,
      "j_adv": 0.9602010211279122,
      "f_adv": 0.7511109009145936,
      "jf_codec": 0.8543475049524428,
      "j_codec": 0.9596601059152228,
      "f_codec": 0.7490349039896625,
      "delta_jf_adv": -0.00037842688371103606,
      "delta_jf_codec": 0.0009300291850991016,
      "mean_ssim": 0.9424047978645129,
      "mean_psnr": 32.26941680908203,
      "mean_lpips": 0.10189720243215561,
      "codec_sweep": {
        "crf18": {
          "jf": 0.8543475049524428,
          "j": 0.9596601059152228,
          "f": 0.7490349039896625
        },
        "crf23": {
          "jf": 0.851436413985121,
          "j": 0.9562237094243115,
          "f": 0.7466491185459307
        },
        "crf28": {
          "jf": 0.8455847915794313,
          "j": 0.95271901751523,
          "f": 0.7384505656436327
        },
        "crf35": {
          "jf": 0.8275582993706838,
          "j": 0.9395554084487016,
          "f": 0.715561190292666
        }
      }
    },
    {
      "video": "flamingo",
      "n_frames": 80,
      "jf_clean": 0.9679989826174638,
      "j_clean": 0.951380641385453,
      "f_clean": 0.9846173238494744,
      "jf_adv": 0.8891863926374803,
      "j_adv": 0.8799994642293557,
      "f_adv": 0.8983733210456049,
      "jf_codec": 0.9629543228534325,
      "j_codec": 0.945860723773826,
      "f_codec": 0.9800479219330391,
      "delta_jf_adv": 0.07881258997998342,
      "delta_jf_codec": 0.005044659764031234,
      "mean_ssim": 0.9300382312535387,
      "mean_psnr": 32.78544998168945,
      "mean_lpips": 0.11032135467976331,
      "codec_sweep": {
        "crf18": {
          "jf": 0.9629543228534325,
          "j": 0.945860723773826,
          "f": 0.9800479219330391
        },
        "crf23": {
          "jf": 0.9610676608571682,
          "j": 0.9431045179053754,
          "f": 0.9790308038089609
        },
        "crf28": {
          "jf": 0.9465760017309794,
          "j": 0.9290285359342108,
          "f": 0.9641234675277481
        },
        "crf35": {
          "jf": 0.9006625739860745,
          "j": 0.8860078039348698,
          "f": 0.9153173440372793
        }
      }
    },
    {
      "video": "drift-chicane",
      "n_frames": 52,
      "jf_clean": 0.906737928980476,
      "j_clean": 0.9040389455177347,
      "f_clean": 0.9094369124432178,
      "jf_adv": 0.9070764439597266,
      "j_adv": 0.9037027051100517,
      "f_adv": 0.9104501828094018,
      "jf_codec": 0.8959573931493486,
      "j_codec": 0.8959668486058521,
      "f_codec": 0.8959479376928451,
      "delta_jf_adv": -0.000338514979250637,
      "delta_jf_codec": 0.010780535831127369,
      "mean_ssim": 0.9367446168887194,
      "mean_psnr": 33.1152458190918,
      "mean_lpips": 0.09869231255008624,
      "codec_sweep": {
        "crf18": {
          "jf": 0.8959573931493486,
          "j": 0.8959668486058521,
          "f": 0.8959479376928451
        },
        "crf23": {
          "jf": 0.881967395007641,
          "j": 0.8831674584088028,
          "f": 0.8807673316064789
        },
        "crf28": {
          "jf": 0.879785457049588,
          "j": 0.8829550527626702,
          "f": 0.876615861336506
        },
        "crf35": {
          "jf": 0.7730172468764107,
          "j": 0.7885943117136647,
          "f": 0.7574401820391566
        }
      }
    },
    {
      "video": "drift-straight",
      "n_frames": 50,
      "jf_clean": 0.9403833620713195,
      "j_clean": 0.9619597842459348,
      "f_clean": 0.918806939896704,
      "jf_adv": 0.9351836530432368,
      "j_adv": 0.9586706030907224,
      "f_adv": 0.9116967029957515,
      "jf_codec": 0.9318220950263174,
      "j_codec": 0.9575809224578903,
      "f_codec": 0.9060632675947444,
      "delta_jf_adv": 0.005199709028082644,
      "delta_jf_codec": 0.008561267045002041,
      "mean_ssim": 0.9584682215698163,
      "mean_psnr": 33.08553695678711,
      "mean_lpips": 0.07471664860844612,
      "codec_sweep": {
        "crf18": {
          "jf": 0.9318220950263174,
          "j": 0.9575809224578903,
          "f": 0.9060632675947444
        },
        "crf23": {
          "jf": 0.9256673069398655,
          "j": 0.9542209101883133,
          "f": 0.8971137036914177
        },
        "crf28": {
          "jf": 0.9196653468138567,
          "j": 0.951610728403132,
          "f": 0.8877199652245815
        },
        "crf35": {
          "jf": 0.8984471406825201,
          "j": 0.9411579996274473,