{
  "args": {
    "mode": "uap",
    "checkpoint": null,
    "uap_delta": "results/B1a_uap_uap_eps0.0314_steps2000/uap_delta_final.pt",
    "stage": 1,
    "channels": 32,
    "num_blocks": 4,
    "max_delta": 0.03137254901960784,
    "davis_root": "E:\\PycharmProjects\\pythonProject\\sam2_privacy_preprocessor\\data\\davis",
    "videos": "bike-packing,blackswan,bmx-bumps,boat,bus",
    "max_frames": 50,
    "crf": [
      18,
      23,
      28
    ],
    "ffmpeg_path": "ffmpeg",
    "sam2_checkpoint": "E:\\PycharmProjects\\pythonProject\\sam2_privacy_preprocessor\\checkpoints\\sam2.1_hiera_tiny.pt",
    "sam2_config": "configs/sam2.1/sam2.1_hiera_t.yaml",
    "save_dir": "E:\\PycharmProjects\\pythonProject\\sam2_privacy_preprocessor\\results",
    "tag": "B1a_eval"
  },
  "results": [
    {
      "video": "bike-packing",
      "n_frames": 50,
      "jf_clean": 0.7386069853733906,
      "j_clean": 0.705896311381752,
      "f_clean": 0.7713176593650295,
      "jf_adv": 0.7142740447702732,
      "j_adv": 0.6870759148767549,
      "f_adv": 0.7414721746637918,
      "jf_codec": 0.7138578549722948,
      "j_codec": 0.6834243514684003,
      "f_codec": 0.7442913584761893,
      "delta_jf_adv": 0.024332940603117414,
      "delta_jf_codec": 0.02474913040109583,
      "mean_ssim": 0.8891541033100961,
      "mean_psnr": 33.13558430150271,
      "mean_lpips": 0.08298587709665299,
      "codec_sweep": {
        "crf18": {
          "jf": 0.7138578549722948,
          "j": 0.6834243514684003,
          "f": 0.7442913584761893
        },
        "crf23": {
          "jf": 0.6995964572926536,
          "j": 0.6743274016859172,
          "f": 0.7248655128993897
        },
        "crf28": {
          "jf": 0.6550655525483581,
          "j": 0.6312346419594247,
          "f": 0.6788964631372916
        }
      }
    },
    {
      "video": "blackswan",
      "n_frames": 50,
      "jf_clean": 0.9195548905945757,
      "j_clean": 0.9401102676491994,
      "f_clean": 0.8989995135399521,
      "jf_adv": 0.8892533432010289,
      "j_adv": 0.9082500674519919,
      "f_adv": 0.8702566189500659,
      "jf_codec": 0.9207976979993181,
      "j_codec": 0.9401410446502665,
      "f_codec": 0.9014543513483697,
      "delta_jf_adv": 0.030301547393546846,
      "delta_jf_codec": -0.0012428074047423632,
      "mean_ssim": 0.9045716915978831,
      "mean_psnr": 34.38256549276955,
      "mean_lpips": 0.06579027570784092,
      "codec_sweep": {
        "crf18": {
          "jf": 0.9207976979993181,
          "j": 0.9401410446502665,
          "f": 0.9014543513483697
        },
        "crf23": {
          "jf": 0.9098696517678591,
          "j": 0.931446900618227,
          "f": 0.8882924029174909
        },
        "crf28": {
          "jf": 0.9260941933778463,
          "j": 0.9386746421634613,
          "f": 0.9135137445922312
        }
      }
    },
    {
      "video": "bmx-bumps",
      "n_frames": 50,
      "jf_clean": 0.09952810456203498,
      "j_clean": 0.05359468045659128,
      "f_clean": 0.14546152866747866,
      "jf_adv": 0.09493935962525304,
      "j_adv": 0.05151807790006248,
      "f_adv": 0.13836064135044357,
      "jf_codec": 0.10716342983055237,
      "j_codec": 0.05879257573665349,
      "f_codec": 0.15553428392445123,
      "delta_jf_adv": 0.0045887449367819355,
      "delta_jf_codec": -0.007635325268517387,
      "mean_ssim": 0.8844173747419581,
      "mean_psnr": 34.249836469213605,
      "mean_lpips": 0.08161580011248588,
      "codec_sweep": {
        "crf18": {
          "jf": 0.10716342983055237,
          "j": 0.05879257573665349,
          "f": 0.15553428392445123
        },
        "crf23": {
          "jf": 0.0924650875415136,
          "j": 0.05024984746356303,
          "f": 0.13468032761946414
        },
        "crf28": {
          "jf": 0.1435601928477268,
          "j": 0.0807980423804096,
          "f": 0.20632234331504404
        }
      }
    },
    {
      "video": "boat",
      "n_frames": 50,
      "jf_clean": 0.01679954196261417,
      "j_clean": 0.006583762579491913,
      "f_clean": 0.02701532134573643,
      "jf_adv": 0.7054598042269365,
      "j_adv": 0.7382403592517994,
      "f_adv": 0.6726792492020741,
      "jf_codec": 0.7165715831603106,
      "j_codec": 0.7424253971506986,
      "f_codec": 0.6907177691699229,
      "delta_jf_adv": -0.6886602622643224,
      "delta_jf_codec": -0.6997720411976964,
      "mean_ssim": 0.8750674777737469,
      "mean_psnr": 34.368576576403626,
      "mean_lpips": 0.11510274231433869,
      "codec_sweep": {
        "crf18": {
          "jf": 0.7165715831603106,
          "j": 0.7424253971506986,
          "f": 0.6907177691699229
        },
        "crf23": {
          "jf": 0.7209222524779832,
          "j": 0.7384162478945582,
          "f": 0.703428257061408
        },
        "crf28": {
          "jf": 0.6864280403103495,
          "j": 0.7131130108568706,
          "f": 0.6597430697638283
        }
      }
    },
    {
      "video": "bus",
      "n_frames": 50,
      "jf_clean": 0.9353368100405778,
      "j_clean": 0.9610918490117908,
      "f_clean": 0.909581771069365,
      "jf_adv": 0.93258600650695,
      "j_adv": 0.9602869548160662,
      "f_adv": 0.9048850581978337,
      "jf_codec": 0.9328834103143905,
      "j_codec": 0.9606172984500803,
      "f_codec": 0.9051495221787005,
      "delta_jf_adv": 0.002750803533627777,
      "delta_jf_codec": 0.0024533997261872997,
      "mean_ssim": 0.8711923008332094,
      "mean_psnr": 34.35931981583692,
      "mean_lpips": 0.07312545016407966,
      "codec_sweep": {
        "crf18": {
          "jf": 0.9328834103143905,
          "j": 0.9606172984500803,
          "f": 0.9051495221787005
        },
        "crf23": {
          "jf": 0.9337655697271242,
          "j": 0.9606107238977597,
          "f": 0.9069204155564887
        },
        "crf28": {
          "jf": 0.9212951758015159,
          "j": 0.9558102324693489,
          "f": 0.8867801191336828
        }
      }
    }
  ]
}