{
  "args": {
    "mode": "ours",
    "checkpoint": "results/B2_stage1_ours_s1_steps3000/g_theta_final.pt",
    "uap_delta": null,
    "stage": 1,
    "channels": 32,
    "num_blocks": 4,
    "max_delta": 0.03137254901960784,
    "davis_root": "E:\\PycharmProjects\\pythonProject\\sam2_privacy_preprocessor\\data\\davis",
    "videos": "bike-packing,blackswan,bmx-bumps,boat,bus",
    "max_frames": 50,
    "crf": [
      18,
      23,
      28
    ],
    "ffmpeg_path": "ffmpeg",
    "sam2_checkpoint": "E:\\PycharmProjects\\pythonProject\\sam2_privacy_preprocessor\\checkpoints\\sam2.1_hiera_tiny.pt",
    "sam2_config": "configs/sam2.1/sam2.1_hiera_t.yaml",
    "save_dir": "E:\\PycharmProjects\\pythonProject\\sam2_privacy_preprocessor\\results",
    "tag": "B2_eval"
  },
  "results": [
    {
      "video": "bike-packing",
      "n_frames": 50,
      "jf_clean": 0.7386069853733906,
      "j_clean": 0.705896311381752,
      "f_clean": 0.7713176593650295,
      "jf_adv": 0.7015527000656234,
      "j_adv": 0.6740931721720765,
      "f_adv": 0.7290122279591705,
      "jf_codec": 0.7439524601591555,
      "j_codec": 0.7332542714413205,
      "f_codec": 0.7546506488769903,
      "delta_jf_adv": 0.03705428530776722,
      "delta_jf_codec": -0.005345474785764859,
      "mean_ssim": 0.9315957074204435,
      "mean_psnr": 31.85727924592521,
      "mean_lpips": 0.10378416568040848,
      "codec_sweep": {
        "crf18": {
          "jf": 0.7439524601591555,
          "j": 0.7332542714413205,
          "f": 0.7546506488769903
        },
        "crf23": {
          "jf": 0.734314102374276,
          "j": 0.724366267536235,
          "f": 0.7442619372123168
        },
        "crf28": {
          "jf": 0.7474534367806762,
          "j": 0.7486151945778002,
          "f": 0.7462916789835521
        }
      }
    },
    {
      "video": "blackswan",
      "n_frames": 50,
      "jf_clean": 0.9195548905945757,
      "j_clean": 0.9401102676491994,
      "f_clean": 0.8989995135399521,
      "jf_adv": 0.9503464361287672,
      "j_adv": 0.9555116961734401,
      "f_adv": 0.9451811760840944,
      "jf_codec": 0.9378878399346285,
      "j_codec": 0.9467194821918525,
      "f_codec": 0.9290561976774049,
      "delta_jf_adv": -0.0307915455341915,
      "delta_jf_codec": -0.018332949340052807,
      "mean_ssim": 0.9457407962868234,
      "mean_psnr": 32.00440798920563,
      "mean_lpips": 0.10020934626460075,
      "codec_sweep": {
        "crf18": {
          "jf": 0.9378878399346285,
          "j": 0.9467194821918525,
          "f": 0.9290561976774049
        },
        "crf23": {
          "jf": 0.932345019486192,
          "j": 0.9429248563776426,
          "f": 0.9217651825947413
        },
        "crf28": {
          "jf": 0.915009240761889,
          "j": 0.9374693821326255,
          "f": 0.8925490993911523
        }
      }
    },
    {
      "video": "bmx-bumps",
      "n_frames": 50,
      "jf_clean": 0.09952810456203498,
      "j_clean": 0.05359468045659128,
      "f_clean": 0.14546152866747866,
      "jf_adv": 0.15787212591711178,
      "j_adv": 0.08790003053905959,
      "f_adv": 0.2278442212951639,
      "jf_codec": 0.1565965709589643,
      "j_codec": 0.08741540669712404,
      "f_codec": 0.22577773522080452,
      "delta_jf_adv": -0.0583440213550768,
      "delta_jf_codec": -0.05706846639692931,
      "mean_ssim": 0.9441542211638521,
      "mean_psnr": 32.29658278197947,
      "mean_lpips": 0.08941159799695014,
      "codec_sweep": {
        "crf18": {
          "jf": 0.1565965709589643,
          "j": 0.08741540669712404,
          "f": 0.22577773522080452
        },
        "crf23": {
          "jf": 0.15769200470608133,
          "j": 0.08816541587246682,
          "f": 0.2272185935396958
        },
        "crf28": {
          "jf": 0.20060825366183888,
          "j": 0.11847686951160034,
          "f": 0.2827396378120775
        }
      }
    },
    {
      "video": "boat",
      "n_frames": 50,
      "jf_clean": 0.01679954196261417,
      "j_clean": 0.006583762579491913,
      "f_clean": 0.02701532134573643,
      "jf_adv": 0.7321573990652283,
      "j_adv": 0.7477203460893251,
      "f_adv": 0.7165944520411313,
      "jf_codec": 0.03307654232884039,
      "j_codec": 0.014812904434535751,
      "f_codec": 0.051340180223145036,
      "delta_jf_adv": -0.7153578571026141,
      "delta_jf_codec": -0.016277000366226223,
      "mean_ssim": 0.9404012372323072,
      "mean_psnr": 32.8203463566127,
      "mean_lpips": 0.1209382362663746,
      "codec_sweep": {
        "crf18": {
          "jf": 0.03307654232884039,
          "j": 0.014812904434535751,
          "f": 0.051340180223145036
        },
        "crf23": {
          "jf": 0.7035518034158267,
          "j": 0.736654617831633,
          "f": 0.6704489890000204
        },
        "crf28": {
          "jf": 0.03548393641390239,
          "j": 0.01657110191586085,
          "f": 0.05439677091194393
        }
      }
    },
    {
      "video": "bus",
      "n_frames": 50,
      "jf_clean": 0.9353368100405778,
      "j_clean": 0.9610918490117908,
      "f_clean": 0.909581771069365,
      "jf_adv": 0.9199146541329464,
      "j_adv": 0.9548834769399066,
      "f_adv": 0.8849458313259855,
      "jf_codec": 0.9274305970532258,
      "j_codec": 0.9578069979180035,
      "f_codec": 0.8970541961884482,
      "delta_jf_adv": 0.015422155907631407,
      "delta_jf_codec": 0.007906212987351946,
      "mean_ssim": 0.9296682861782696,
      "mean_psnr": 32.5264036513636,
      "mean_lpips": 0.1106905035674572,
      "codec_sweep": {
        "crf18": {
          "jf": 0.9274305970532258,
          "j": 0.9578069979180035,
          "f": 0.8970541961884482
        },
        "crf23": {
          "jf": 0.9165010875315382,
          "j": 0.9534807481217112,
          "f": 0.8795214269413657
        },
        "crf28": {
          "jf": 0.9179218456163512,
          "j": 0.9536767981935721,
          "f": 0.8821668930391303
        }
      }
    }
  ]
}