{
  "args": {
    "mode": "uap",
    "checkpoint": null,
    "uap_delta": "results/B1b_uap_lpips_uap_eps0.0314_steps2000_lpips/uap_delta_final.pt",
    "stage": 1,
    "channels": 32,
    "num_blocks": 4,
    "max_delta": 0.03137254901960784,
    "davis_root": "E:\\PycharmProjects\\pythonProject\\sam2_privacy_preprocessor\\data\\davis",
    "videos": "bike-packing,blackswan,bmx-bumps,boat,bus",
    "max_frames": 50,
    "crf": [
      18,
      23,
      28
    ],
    "ffmpeg_path": "ffmpeg",
    "sam2_checkpoint": "E:\\PycharmProjects\\pythonProject\\sam2_privacy_preprocessor\\checkpoints\\sam2.1_hiera_tiny.pt",
    "sam2_config": "configs/sam2.1/sam2.1_hiera_t.yaml",
    "save_dir": "E:\\PycharmProjects\\pythonProject\\sam2_privacy_preprocessor\\results",
    "tag": "B1b_eval"
  },
  "results": [
    {
      "video": "bike-packing",
      "n_frames": 50,
      "jf_clean": 0.7386069853733906,
      "j_clean": 0.705896311381752,
      "f_clean": 0.7713176593650295,
      "jf_adv": 0.6874477858705186,
      "j_adv": 0.6610236557364334,
      "f_adv": 0.7138719160046036,
      "jf_codec": 0.7065854371751638,
      "j_codec": 0.6771313612478665,
      "f_codec": 0.7360395131024611,
      "delta_jf_adv": 0.051159199502872066,
      "delta_jf_codec": 0.03202154819822689,
      "mean_ssim": 0.8848611784392656,
      "mean_psnr": 33.00005317008203,
      "mean_lpips": 0.0834878821671009,
      "codec_sweep": {
        "crf18": {
          "jf": 0.7065854371751638,
          "j": 0.6771313612478665,
          "f": 0.7360395131024611
        },
        "crf23": {
          "jf": 0.7041170615907835,
          "j": 0.6822521148875775,
          "f": 0.7259820082939892
        },
        "crf28": {
          "jf": 0.7019963442982136,
          "j": 0.6724938438163724,
          "f": 0.7314988447800546
        }
      }
    },
    {
      "video": "blackswan",
      "n_frames": 50,
      "jf_clean": 0.9195548905945757,
      "j_clean": 0.9401102676491994,
      "f_clean": 0.8989995135399521,
      "jf_adv": 0.9423755127173249,
      "j_adv": 0.9517137934223991,
      "f_adv": 0.9330372320122501,
      "jf_codec": 0.9299124173012744,
      "j_codec": 0.9449978198844877,
      "f_codec": 0.914827014718061,
      "delta_jf_adv": -0.022820622122749157,
      "delta_jf_codec": -0.01035752670669865,
      "mean_ssim": 0.8998598357205648,
      "mean_psnr": 34.20012065421078,
      "mean_lpips": 0.0717027885466814,
      "codec_sweep": {
        "crf18": {
          "jf": 0.9299124173012744,
          "j": 0.9449978198844877,
          "f": 0.914827014718061
        },
        "crf23": {
          "jf": 0.9307745208423835,
          "j": 0.9410077318012554,
          "f": 0.9205413098835113
        },
        "crf28": {
          "jf": 0.9075847923624347,
          "j": 0.9310390454953833,
          "f": 0.8841305392294865
        }
      }
    },
    {
      "video": "bmx-bumps",
      "n_frames": 50,
      "jf_clean": 0.09952810456203498,
      "j_clean": 0.05359468045659128,
      "f_clean": 0.14546152866747866,
      "jf_adv": 0.09273079614767327,
      "j_adv": 0.050354547280572835,
      "f_adv": 0.1351070450147737,
      "jf_codec": 0.10999902322216036,
      "j_codec": 0.06017319075042499,
      "f_codec": 0.15982485569389573,
      "delta_jf_adv": 0.0067973084143617135,
      "delta_jf_codec": -0.01047091866012538,
      "mean_ssim": 0.8796709546207063,
      "mean_psnr": 34.07192244377324,
      "mean_lpips": 0.08544738307595252,
      "codec_sweep": {
        "crf18": {
          "jf": 0.10999902322216036,
          "j": 0.06017319075042499,
          "f": 0.15982485569389573
        },
        "crf23": {
          "jf": 0.14038667497698848,
          "j": 0.07785052092915358,
          "f": 0.2029228290248234
        },
        "crf28": {
          "jf": 0.14275769738671032,
          "j": 0.08029576244751997,
          "f": 0.20521963232590065
        }
      }
    },
    {
      "video": "boat",
      "n_frames": 50,
      "jf_clean": 0.01679954196261417,
      "j_clean": 0.006583762579491913,
      "f_clean": 0.02701532134573643,
      "jf_adv": 0.7139769610922344,
      "j_adv": 0.7377657169310146,
      "f_adv": 0.6901882052534541,
      "jf_codec": 0.7145426197990897,
      "j_codec": 0.7383060091330474,
      "f_codec": 0.6907792304651319,
      "delta_jf_adv": -0.6971774191296203,
      "delta_jf_codec": -0.6977430778364756,
      "mean_ssim": 0.8722271706919155,
      "mean_psnr": 34.187145566394264,
      "mean_lpips": 0.11573596686124801,
      "codec_sweep": {
        "crf18": {
          "jf": 0.7145426197990897,
          "j": 0.7383060091330474,
          "f": 0.6907792304651319
        },
        "crf23": {
          "jf": 0.7251336330144764,
          "j": 0.7407490314697641,
          "f": 0.7095182345591888
        },
        "crf28": {
          "jf": 0.6813016470924701,
          "j": 0.7111095367438487,
          "f": 0.6514937574410916
        }
      }
    },
    {
      "video": "bus",
      "n_frames": 50,
      "jf_clean": 0.9353368100405778,
      "j_clean": 0.9610918490117908,
      "f_clean": 0.909581771069365,
      "jf_adv": 0.9311383785112242,
      "j_adv": 0.9598418432461606,
      "f_adv": 0.9024349137762877,
      "jf_codec": 0.9348291385274936,
      "j_codec": 0.9610760334412621,
      "f_codec": 0.9085822436137251,
      "delta_jf_adv": 0.004198431529353619,
      "delta_jf_codec": 0.0005076715130841736,
      "mean_ssim": 0.8665163191133429,
      "mean_psnr": 34.180369098848736,
      "mean_lpips": 0.07333800047636033,
      "codec_sweep": {
        "crf18": {
          "jf": 0.9348291385274936,
          "j": 0.9610760334412621,
          "f": 0.9085822436137251
        },
        "crf23": {
          "jf": 0.9291649810480136,
          "j": 0.9592070361213585,
          "f": 0.8991229259746685
        },
        "crf28": {
          "jf": 0.9137207934560202,
          "j": 0.9520795613923793,
          "f": 0.8753620255196612
        }
      }
    }
  ]
}