{
  "args": {
    "mode": "ours",
    "checkpoint": "/IMBR_Data/Student-home/2025M_LvShaoting/sam2_privacy_preprocessor/results_v100/B3_v100_ours_s3_steps3000/g_theta_final.pt",
    "uap_delta": null,
    "stage": 3,
    "channels": 32,
    "num_blocks": 4,
    "max_delta": 0.03137254901960784,
    "davis_root": "/IMBR_Data/Student-home/2025M_LvShaoting/sam2_privacy_preprocessor/data/davis",
    "videos": "dog-agility,drone,elephant,flamingo,drift-chicane,drift-straight,drift-turn,dogs-scale,dog-gooses",
    "max_frames": 80,
    "crf": [
      18,
      23,
      28,
      35
    ],
    "g_theta_size": 512,
    "ffmpeg_path": "ffmpeg",
    "sam2_checkpoint": "/IMBR_Data/Student-home/2025M_LvShaoting/sam2_privacy_preprocessor/checkpoints/sam2.1_hiera_tiny.pt",
    "sam2_config": "configs/sam2.1/sam2.1_hiera_t.yaml",
    "save_dir": "/IMBR_Data/Student-home/2025M_LvShaoting/sam2_privacy_preprocessor/results_v100",
    "tag": "B3S3_v100"
  },
  "results": [
    {
      "video": "dog-agility",
      "n_frames": 25,
      "jf_clean": 0.8900499457006131,
      "j_clean": 0.9188393374454493,
      "f_clean": 0.861260553955777,
      "jf_adv": 0.8837681568784066,
      "j_adv": 0.919058054813703,
      "f_adv": 0.8484782589431102,
      "jf_codec": 0.8741489810642941,
      "j_codec": 0.9127925846841864,
      "f_codec": 0.8355053774444019,
      "delta_jf_adv": 0.0062817888222065354,
      "delta_jf_codec": 0.01590096463631907,
      "mean_ssim": 0.9469728170813266,
      "mean_psnr": 32.21916961669922,
      "mean_lpips": 0.07686847299337388,
      "codec_sweep": {
        "crf18": {
          "jf": 0.8741489810642941,
          "j": 0.9127925846841864,
          "f": 0.8355053774444019
        },
        "crf23": {
          "jf": 0.869427824693173,
          "j": 0.91171790638413,
          "f": 0.8271377430022162
        },
        "crf28": {
          "jf": 0.8508935458163502,
          "j": 0.9001941256099113,
          "f": 0.8015929660227892
        },
        "crf35": {
          "jf": 0.8390451357793384,
          "j": 0.8996000701117757,
          "f": 0.7784902014469014
        }
      }
    },
    {
      "video": "drone",
      "n_frames": 80,
      "jf_clean": 0.18611965972871236,
      "j_clean": 0.1705552726584353,
      "f_clean": 0.20168404679898946,
      "jf_adv": 0.18877043746449976,
      "j_adv": 0.17341527380395738,
      "f_adv": 0.20412560112504216,
      "jf_codec": 0.18804124472652745,
      "j_codec": 0.17228540302266473,
      "f_codec": 0.20379708643039024,
      "delta_jf_adv": -0.0026507777357873963,
      "delta_jf_codec": -0.0019215849978150845,
      "mean_ssim": 0.9342555235808871,
      "mean_psnr": 33.237884521484375,
      "mean_lpips": 0.11854638778604568,
      "codec_sweep": {
        "crf18": {
          "jf": 0.18804124472652745,
          "j": 0.17228540302266473,
          "f": 0.20379708643039024
        },
        "crf23": {
          "jf": 0.1882190578971426,
          "j": 0.17177978648600029,
          "f": 0.20465832930828493
        },
        "crf28": {
          "jf": 0.18772161954006503,
          "j": 0.17335249025848115,
          "f": 0.20209074882164893
        },
        "crf35": {
          "jf": 0.1670663276591719,
          "j": 0.1509952506021724,
          "f": 0.18313740471617143
        }
      }
    },
    {
      "video": "elephant",
      "n_frames": 80,
      "jf_clean": 0.8552775341375419,
      "j_clean": 0.9621119501983516,
      "f_clean": 0.748443118076732,
      "jf_adv": 0.85408604366828,
      "j_adv": 0.9597760489578311,
      "f_adv": 0.7483960383787288,
      "jf_codec": 0.8529319223454239,
      "j_codec": 0.9588678192655291,
      "f_codec": 0.7469960254253188,
      "delta_jf_adv": 0.0011914904692619244,
      "delta_jf_codec": 0.0023456117921180075,
      "mean_ssim": 0.9370523534652723,
      "mean_psnr": 32.118324279785156,
      "mean_lpips": 0.10575867723673582,
      "codec_sweep": {
        "crf18": {
          "jf": 0.8529319223454239,
          "j": 0.9588678192655291,
          "f": 0.7469960254253188
        },
        "crf23": {
          "jf": 0.8511426894085339,
          "j": 0.9578696967582798,
          "f": 0.7444156820587878
        },
        "crf28": {
          "jf": 0.8454225756264606,
          "j": 0.9526782135070461,
          "f": 0.7381669377458753
        },
        "crf35": {
          "jf": 0.8293550158023617,
          "j": 0.9413402643023611,
          "f": 0.7173697673023623
        }
      }
    },
    {
      "video": "flamingo",
      "n_frames": 80,
      "jf_clean": 0.9679989826174638,
      "j_clean": 0.951380641385453,
      "f_clean": 0.9846173238494744,
      "jf_adv": 0.9114171104182283,
      "j_adv": 0.8993577658137321,
      "f_adv": 0.9234764550227249,
      "jf_codec": 0.9634453736312171,
      "j_codec": 0.9464450912225295,
      "f_codec": 0.9804456560399049,
      "delta_jf_adv": 0.056581872199235494,
      "delta_jf_codec": 0.004553608986246682,
      "mean_ssim": 0.9226192453672653,
      "mean_psnr": 32.421630859375,
      "mean_lpips": 0.11586537975817919,
      "codec_sweep": {
        "crf18": {
          "jf": 0.9634453736312171,
          "j": 0.9464450912225295,
          "f": 0.9804456560399049
        },
        "crf23": {
          "jf": 0.960813976364914,
          "j": 0.9434338884843196,
          "f": 0.9781940642455084
        },
        "crf28": {
          "jf": 0.9444520144854851,
          "j": 0.9265819577308182,
          "f": 0.9623220712401519
        },
        "crf35": {
          "jf": 0.8350813347690839,
          "j": 0.8334691545392656,
          "f": 0.8366935149989022
        }
      }
    },
    {
      "video": "drift-chicane",
      "n_frames": 52,
      "jf_clean": 0.906737928980476,
      "j_clean": 0.9040389455177347,
      "f_clean": 0.9094369124432178,
      "jf_adv": 0.9086005330720538,
      "j_adv": 0.9047742424059202,
      "f_adv": 0.9124268237381874,
      "jf_codec": 0.8923460995635716,
      "j_codec": 0.8948072852795672,
      "f_codec": 0.8898849138475763,
      "delta_jf_adv": -0.0018626040915777908,
      "delta_jf_codec": 0.014391829416904423,
      "mean_ssim": 0.9303638499070446,
      "mean_psnr": 32.93523025512695,
      "mean_lpips": 0.10103669375754319,
      "codec_sweep": {
        "crf18": {
          "jf": 0.8923460995635716,
          "j": 0.8948072852795672,
          "f": 0.8898849138475763
        },
        "crf23": {
          "jf": 0.886391847794868,
          "j": 0.8891510928064321,
          "f": 0.8836326027833041
        },
        "crf28": {
          "jf": 0.8667180620229201,
          "j": 0.8697950393382897,
          "f": 0.8636410847075504
        },
        "crf35": {
          "jf": 0.8318104958075143,
          "j": 0.8486004436004204,
          "f": 0.8150205480146083
        }
      }
    },
    {
      "video": "drift-straight",
      "n_frames": 50,
      "jf_clean": 0.9403833620713195,
      "j_clean": 0.9619597842459348,
      "f_clean": 0.918806939896704,
      "jf_adv": 0.936082756323503,
      "j_adv": 0.9593531612426055,
      "f_adv": 0.9128123514044004,
      "jf_codec": 0.930547538967988,
      "j_codec": 0.957036591435091,
      "f_codec": 0.904058486500885,
      "delta_jf_adv": 0.004300605747816433,
      "delta_jf_codec": 0.00983582310333142,
      "mean_ssim": 0.9549291325116043,
      "mean_psnr": 32.88727951049805,
      "mean_lpips": 0.07675105325877667,
      "codec_sweep": {
        "crf18": {
          "jf": 0.930547538967988,
          "j": 0.957036591435091,
          "f": 0.904058486500885
        },
        "crf23": {
          "jf": 0.9264975344937034,
          "j": 0.9546510464553912,
          "f": 0.8983440225320153
        },
        "crf28": {
          "jf": 0.9130809252150941,
          "j": 0.9468696941405704,
          "f": 0.8792921562896181
        },
        "crf35": {
          "jf": 0.8983865105304308,
          "j": 0.9404709960357002,