{
  "args": {
    "mode": "ours",
    "checkpoint": "/IMBR_Data/Student-home/2025M_LvShaoting/sam2_privacy_preprocessor/results_v100/C1_clip_s1_ours_clip_s1_steps5000/g_theta_final.pt",
    "uap_delta": null,
    "stage": 1,
    "channels": 32,
    "num_blocks": 4,
    "max_delta": 0.03137254901960784,
    "davis_root": "/IMBR_Data/Student-home/2025M_LvShaoting/sam2_privacy_preprocessor/data/davis",
    "videos": "bike-packing,blackswan,bmx-bumps,boat,bus,car-roundabout,car-turn,cat-girl,classic-car",
    "max_frames": 50,
    "crf": [
      18,
      23,
      28
    ],
    "g_theta_size": 0,
    "ffmpeg_path": "/IMBR_Data/Student-home/2025M_LvShaoting/miniconda3/envs/sam2_privacy_preprocessor/bin/ffmpeg",
    "sam2_checkpoint": "/IMBR_Data/Student-home/2025M_LvShaoting/sam2_privacy_preprocessor/checkpoints/sam2.1_hiera_tiny.pt",
    "sam2_config": "configs/sam2.1/sam2.1_hiera_t.yaml",
    "save_dir": "/IMBR_Data/Student-home/2025M_LvShaoting/sam2_privacy_preprocessor/results_v100",
    "tag": "C1_clip_eval"
  },
  "results": [
    {
      "video": "bike-packing",
      "n_frames": 50,
      "jf_clean": 0.7386044067003334,
      "j_clean": 0.7058929703705146,
      "f_clean": 0.7713158430301524,
      "jf_adv": 0.701088945998752,
      "j_adv": 0.6721095499152283,
      "f_adv": 0.7300683420822756,
      "jf_codec": 0.788685196654646,
      "j_codec": 0.7876940055531085,
      "f_codec": 0.7896763877561839,
      "delta_jf_adv": 0.037515460701581405,
      "delta_jf_codec": -0.05008078995431253,
      "mean_ssim": 0.9334614874800718,
      "mean_psnr": 31.937875747680664,
      "mean_lpips": 0.07197296261787414,
      "codec_sweep": {
        "crf18": {
          "jf": 0.788685196654646,
          "j": 0.7876940055531085,
          "f": 0.7896763877561839
        },
        "crf23": {
          "jf": 0.7567391164505851,
          "j": 0.7462424875296719,
          "f": 0.7672357453714986
        },
        "crf28": {
          "jf": 0.7529382024728284,
          "j": 0.7547854754379425,
          "f": 0.7510909295077145
        }
      }
    },
    {
      "video": "blackswan",
      "n_frames": 50,
      "jf_clean": 0.9195912535943752,
      "j_clean": 0.9401344941090681,
      "f_clean": 0.8990480130796823,
      "jf_adv": 0.930696750627552,
      "j_adv": 0.9434514459885897,
      "f_adv": 0.9179420552665143,
      "jf_codec": 0.9340792219084275,
      "j_codec": 0.9453483442413829,
      "f_codec": 0.922810099575472,
      "delta_jf_adv": -0.011105497033176759,
      "delta_jf_codec": -0.014487968314052302,
      "mean_ssim": 0.9438083835522778,
      "mean_psnr": 32.00061798095703,
      "mean_lpips": 0.0975431190431118,
      "codec_sweep": {
        "crf18": {
          "jf": 0.9340792219084275,
          "j": 0.9453483442413829,
          "f": 0.922810099575472
        },
        "crf23": {
          "jf": 0.9353590968945431,
          "j": 0.9467781253752457,
          "f": 0.9239400684138402
        },
        "crf28": {
          "jf": 0.9212358643475675,
          "j": 0.9385110201734279,
          "f": 0.9039607085217074
        }
      }
    },
    {
      "video": "bmx-bumps",
      "n_frames": 50,
      "jf_clean": 0.09951546078171793,
      "j_clean": 0.05358687146349264,
      "f_clean": 0.14544405009994327,
      "jf_adv": 0.21030570332054668,
      "j_adv": 0.12240396852190116,
      "f_adv": 0.2982074381191923,
      "jf_codec": 0.14537206041159756,
      "j_codec": 0.08098727188657338,
      "f_codec": 0.2097568489366217,
      "delta_jf_adv": -0.11079024253882876,
      "delta_jf_codec": -0.04585659962987963,
      "mean_ssim": 0.9341077516847877,
      "mean_psnr": 32.279335021972656,
      "mean_lpips": 0.07999614745378494,
      "codec_sweep": {
        "crf18": {
          "jf": 0.14537206041159756,
          "j": 0.08098727188657338,
          "f": 0.2097568489366217
        },
        "crf23": {
          "jf": 0.14454494544578336,
          "j": 0.08100247342946018,
          "f": 0.20808741746210657
        },
        "crf28": {
          "jf": 0.20797052008560452,
          "j": 0.12352184832746502,
          "f": 0.292419191843744
        }
      }
    },
    {
      "video": "boat",
      "n_frames": 50,
      "jf_clean": 0.016799561133709354,
      "j_clean": 0.00658376751662942,
      "f_clean": 0.02701535475078929,
      "jf_adv": 0.7270811330650205,
      "j_adv": 0.7449955384845677,
      "f_adv": 0.7091667276454732,
      "jf_codec": 0.7251026149557187,
      "j_codec": 0.7445319897440057,
      "f_codec": 0.7056732401674314,
      "delta_jf_adv": -0.7102815719313111,
      "delta_jf_codec": -0.7083030538220093,
      "mean_ssim": 0.9417146292100808,
      "mean_psnr": 32.79420471191406,
      "mean_lpips": 0.11592737346887588,
      "codec_sweep": {
        "crf18": {
          "jf": 0.7251026149557187,
          "j": 0.7445319897440057,
          "f": 0.7056732401674314
        },
        "crf23": {
          "jf": 0.7192032153886898,
          "j": 0.7400567101782606,
          "f": 0.6983497205991189
        },
        "crf28": {
          "jf": 0.7056113733107026,
          "j": 0.7302306675831332,
          "f": 0.6809920790382717
        }
      }
    },
    {
      "video": "bus",
      "n_frames": 50,
      "jf_clean": 0.9353332199214376,
      "j_clean": 0.9610894118111236,
      "f_clean": 0.9095770280317517,
      "jf_adv": 0.9233140208573855,
      "j_adv": 0.9565493699118703,
      "f_adv": 0.8900786718029,
      "jf_codec": 0.9243509180070585,
      "j_codec": 0.9572789868511277,
      "f_codec": 0.8914228491629893,
      "delta_jf_adv": 0.012019199064052133,
      "delta_jf_codec": 0.0109823019143791,
      "mean_ssim": 0.9201344422681272,
      "mean_psnr": 32.88996887207031,
      "mean_lpips": 0.07061381563544274,
      "codec_sweep": {
        "crf18": {
          "jf": 0.9243509180070585,
          "j": 0.9572789868511277,
          "f": 0.8914228491629893
        },
        "crf23": {
          "jf": 0.921817998499305,
          "j": 0.9558614117547215,
          "f": 0.8877745852438885
        },
        "crf28": {
          "jf": 0.9127110051392403,
          "j": 0.9517148602838522,
          "f": 0.8737071499946285
        }
      }
    },
    {
      "video": "car-roundabout",
      "n_frames": 50,
      "jf_clean": 0.951653402812839,
      "j_clean": 0.9833485764902321,
      "f_clean": 0.9199582291354463,
      "jf_adv": 0.950142125816936,
      "j_adv": 0.9822747594808375,
      "f_adv": 0.9180094921530342,
      "jf_codec": 0.9503256552831216,
      "j_codec": 0.9823920987711222,
      "f_codec": 0.9182592117951214,
      "delta_jf_adv": 0.0015112769959030325,
      "delta_jf_codec": 0.0013277475297174268,
      "mean_ssim": 0.939917816189973,
      "mean_psnr": 32.20352554321289,
      "mean_lpips": 0.07063961796462535,
      "codec_sweep": {
        "crf18": {
          "jf": 0.9503256552831216,
          "j": 0.9823920987711222,
          "f": 0.9182592117951214
        },
        "crf23": {
          "jf": 0.9504239053620465,
          "j": 0.9825142162405011,
          "f": 0.9183335944835922
        },
        "crf28": {
          "jf": 0.9463366299495566,
          "j": 0.981278486579961,
          "f": 0.9113947733191524
        }
      }
    },
    {
      "video": "car-turn",
      "n_frames": 50,
      "jf_clean": 0.9541715954422982,
      "j_clean": 0.9650916009688589,
      "f_clean": 0.9432515899157374,
      "jf_adv": 0.9402655383074107,
      "j_adv": 0.9578359117056381,
      "f_adv": 0.9226951649091832,
      "jf_codec": 0.9440535155962974,
      "j_codec": 0.9597917848051309,
      "f_codec": 0.9283152463874633,
      "delta_jf_adv": 0.013906057134887573,
      "delta_jf_codec": 0.010118079846000883,
      "mean_ssim": 0.912144997151432,
      "mean_psnr": 32.1629753112793,
      "mean_lpips": 0.08934262916445732,
      "codec_sweep": {
        "crf18": {
          "jf": 0.9440535155962974,
          "j": 0.9597917848051309,