{
  "args": {
    "mode": "ours",
    "checkpoint": "results/B3_stage3_ours_s3_steps3000/g_theta_final.pt",
    "uap_delta": null,
    "stage": 1,
    "channels": 32,
    "num_blocks": 4,
    "max_delta": 0.03137254901960784,
    "davis_root": "E:\\PycharmProjects\\pythonProject\\sam2_privacy_preprocessor\\data\\davis",
    "videos": "bike-packing,blackswan,bmx-bumps,boat,bus",
    "max_frames": 50,
    "crf": [
      18,
      23,
      28
    ],
    "ffmpeg_path": "ffmpeg",
    "sam2_checkpoint": "E:\\PycharmProjects\\pythonProject\\sam2_privacy_preprocessor\\checkpoints\\sam2.1_hiera_tiny.pt",
    "sam2_config": "configs/sam2.1/sam2.1_hiera_t.yaml",
    "save_dir": "E:\\PycharmProjects\\pythonProject\\sam2_privacy_preprocessor\\results",
    "tag": "B3_eval"
  },
  "results": [
    {
      "video": "bike-packing",
      "n_frames": 50,
      "jf_clean": 0.7386069853733906,
      "j_clean": 0.705896311381752,
      "f_clean": 0.7713176593650295,
      "jf_adv": 0.6883659062212076,
      "j_adv": 0.6669488333273691,
      "f_adv": 0.7097829791150461,
      "jf_codec": 0.7127258422749704,
      "j_codec": 0.6898186963789149,
      "f_codec": 0.7356329881710256,
      "delta_jf_adv": 0.05024107915218301,
      "delta_jf_codec": 0.025881143098420267,
      "mean_ssim": 0.927372059919816,
      "mean_psnr": 31.74873770134159,
      "mean_lpips": 0.10464385166764259,
      "codec_sweep": {
        "crf18": {
          "jf": 0.7127258422749704,
          "j": 0.6898186963789149,
          "f": 0.7356329881710256
        },
        "crf23": {
          "jf": 0.6898357143971912,
          "j": 0.6627406065943248,
          "f": 0.7169308222000578
        },
        "crf28": {
          "jf": 0.7336732569547592,
          "j": 0.7298209002933986,
          "f": 0.7375256136161193
        }
      }
    },
    {
      "video": "blackswan",
      "n_frames": 50,
      "jf_clean": 0.9195548905945757,
      "j_clean": 0.9401102676491994,
      "f_clean": 0.8989995135399521,
      "jf_adv": 0.9476726152559155,
      "j_adv": 0.9533932484430885,
      "f_adv": 0.9419519820687426,
      "jf_codec": 0.9291078760148528,
      "j_codec": 0.9453507094755663,
      "f_codec": 0.9128650425541395,
      "delta_jf_adv": -0.02811772466133977,
      "delta_jf_codec": -0.00955298542027705,
      "mean_ssim": 0.9348150667497754,
      "mean_psnr": 31.905382413468534,
      "mean_lpips": 0.11007078155875206,
      "codec_sweep": {
        "crf18": {
          "jf": 0.9291078760148528,
          "j": 0.9453507094755663,
          "f": 0.9128650425541395
        },
        "crf23": {
          "jf": 0.9216974198745226,
          "j": 0.9406493484621835,
          "f": 0.9027454912868617
        },
        "crf28": {
          "jf": 0.9193344177680032,
          "j": 0.9380276236036947,
          "f": 0.9006412119323117
        }
      }
    },
    {
      "video": "bmx-bumps",
      "n_frames": 50,
      "jf_clean": 0.09952810456203498,
      "j_clean": 0.05359468045659128,
      "f_clean": 0.14546152866747866,
      "jf_adv": 0.23668248421037905,
      "j_adv": 0.14144308462540164,
      "f_adv": 0.3319218837953564,
      "jf_codec": 0.15382726232189908,
      "j_codec": 0.08618085039598172,
      "f_codec": 0.22147367424781642,
      "delta_jf_adv": -0.13715437964834407,
      "delta_jf_codec": -0.0542991577598641,
      "mean_ssim": 0.9314996698828744,
      "mean_psnr": 32.22052331270588,
      "mean_lpips": 0.09598226398229599,
      "codec_sweep": {
        "crf18": {
          "jf": 0.15382726232189908,
          "j": 0.08618085039598172,
          "f": 0.22147367424781642
        },
        "crf23": {
          "jf": 0.404225248120285,
          "j": 0.28519274088504254,
          "f": 0.5232577553555273
        },
        "crf28": {
          "jf": 0.17351765905460495,
          "j": 0.09901238845810877,
          "f": 0.2480229296511012
        }
      }
    },
    {
      "video": "boat",
      "n_frames": 50,
      "jf_clean": 0.01679954196261417,
      "j_clean": 0.006583762579491913,
      "f_clean": 0.02701532134573643,
      "jf_adv": 0.7431967117109147,
      "j_adv": 0.7568073533260512,
      "f_adv": 0.7295860700957781,
      "jf_codec": 0.7259774409340244,
      "j_codec": 0.7454789268243842,
      "f_codec": 0.7064759550436649,
      "delta_jf_adv": -0.7263971697483006,
      "delta_jf_codec": -0.7091778989714103,
      "mean_ssim": 0.9296354944447578,
      "mean_psnr": 32.55504559627218,
      "mean_lpips": 0.1282415893673897,
      "codec_sweep": {
        "crf18": {
          "jf": 0.7259774409340244,
          "j": 0.7454789268243842,
          "f": 0.7064759550436649
        },
        "crf23": {
          "jf": 0.0345064160061421,
          "j": 0.01605132747348568,
          "f": 0.05296150453879852
        },
        "crf28": {
          "jf": 0.7044990577610583,
          "j": 0.7314863397903507,
          "f": 0.6775117757317656
        }
      }
    },
    {
      "video": "bus",
      "n_frames": 50,
      "jf_clean": 0.9353368100405778,
      "j_clean": 0.9610918490117908,
      "f_clean": 0.909581771069365,
      "jf_adv": 0.9178013339522879,
      "j_adv": 0.9542641003356147,
      "f_adv": 0.8813385675689613,
      "jf_codec": 0.9198486343571094,
      "j_codec": 0.9551991268476128,
      "f_codec": 0.8844981418666059,
      "delta_jf_adv": 0.01753547608828987,
      "delta_jf_codec": 0.015488175683468386,
      "mean_ssim": 0.9177094817365706,
      "mean_psnr": 32.199150062467346,
      "mean_lpips": 0.11376331090927123,
      "codec_sweep": {
        "crf18": {
          "jf": 0.9198486343571094,
          "j": 0.9551991268476128,
          "f": 0.8844981418666059
        },
        "crf23": {
          "jf": 0.0035752329394757127,
          "j": 0.0071504658789514255,
          "f": 0.0
        },
        "crf28": {
          "jf": 0.9099193106765499,
          "j": 0.95062554090255,
          "f": 0.86921308045055
        }
      }
    }
  ]
}