{
  "args": {
    "mode": "ours",
    "checkpoint": "results_v100/C2_vid_s1_ours_video_s1_steps5000/g_theta_final.pt",
    "uap_delta": null,
    "stage": 1,
    "channels": 32,
    "num_blocks": 4,
    "max_delta": 0.03137254901960784,
    "davis_root": "/IMBR_Data/Student-home/2025M_LvShaoting/sam2_privacy_preprocessor/data/davis",
    "videos": "bike-packing,blackswan,bmx-bumps,boat,bus,car-roundabout,car-turn,cat-girl,classic-car,color-run,cows,crossing",
    "max_frames": 50,
    "crf": [
      18,
      23,
      28
    ],
    "g_theta_size": 0,
    "ffmpeg_path": "/IMBR_Data/Student-home/2025M_LvShaoting/miniconda3/envs/sam2_privacy_preprocessor/bin/ffmpeg",
    "sam2_checkpoint": "/IMBR_Data/Student-home/2025M_LvShaoting/sam2_privacy_preprocessor/checkpoints/sam2.1_hiera_tiny.pt",
    "sam2_config": "configs/sam2.1/sam2.1_hiera_t.yaml",
    "save_dir": "results_v100",
    "tag": "C2_vid_eval",
    "min_jf_clean": 0.5
  },
  "results": [
    {
      "video": "bike-packing",
      "n_frames": 50,
      "jf_clean": 0.7386044067003334,
      "j_clean": 0.7058929703705146,
      "f_clean": 0.7713158430301524,
      "jf_adv": 0.7028450480752757,
      "j_adv": 0.678003944584168,
      "f_adv": 0.7276861515663832,
      "jf_codec": 0.7447813724672737,
      "j_codec": 0.7251215431020712,
      "f_codec": 0.7644412018324761,
      "delta_jf_adv": 0.03575935862505775,
      "delta_jf_codec": -0.006176965766940268,
      "mean_ssim": 0.952177886646454,
      "mean_psnr": 32.34846878051758,
      "mean_lpips": 0.06372425764799118,
      "codec_sweep": {
        "crf18": {
          "jf": 0.7624405217423269,
          "j": 0.7531934907685465,
          "f": 0.7716875527161068
        },
        "crf23": {
          "jf": 0.7447813724672737,
          "j": 0.7251215431020712,
          "f": 0.7644412018324761
        },
        "crf28": {
          "jf": 0.7718585452797609,
          "j": 0.7738773556790014,
          "f": 0.7698397348805207
        }
      }
    },
    {
      "video": "blackswan",
      "n_frames": 50,
      "jf_clean": 0.9195912535943752,
      "j_clean": 0.9401344941090681,
      "f_clean": 0.8990480130796823,
      "jf_adv": 0.944925858394556,
      "j_adv": 0.9530409219703578,
      "f_adv": 0.9368107948187544,
      "jf_codec": 0.9287783600050139,
      "j_codec": 0.9419060090974685,
      "f_codec": 0.9156507109125595,
      "delta_jf_adv": -0.025334604800180793,
      "delta_jf_codec": -0.00918710641063869,
      "mean_ssim": 0.9574826432881438,
      "mean_psnr": 32.418312072753906,
      "mean_lpips": 0.09025307610630989,
      "codec_sweep": {
        "crf18": {
          "jf": 0.9449076456014411,
          "j": 0.9531124537037008,
          "f": 0.9367028374991816
        },
        "crf23": {
          "jf": 0.9287783600050139,
          "j": 0.9419060090974685,
          "f": 0.9156507109125595
        },
        "crf28": {
          "jf": 0.9210993305645802,
          "j": 0.9347656360033809,
          "f": 0.9074330251257792
        }
      }
    },
    {
      "video": "bmx-bumps",
      "n_frames": 50,
      "jf_clean": 0.09951546078171793,
      "j_clean": 0.05358687146349264,
      "f_clean": 0.14544405009994327,
      "jf_adv": 0.19038552851703872,
      "j_adv": 0.10853605703045713,
      "f_adv": 0.2722350000036202,
      "jf_codec": 0.10473645992698243,
      "j_codec": 0.05672546328459169,
      "f_codec": 0.15274745656937316,
      "delta_jf_adv": -0.09087006773532079,
      "delta_jf_codec": -0.005220999145264499,
      "mean_ssim": 0.9544292629996188,
      "mean_psnr": 32.560874938964844,
      "mean_lpips": 0.07769603222608566,
      "codec_sweep": {
        "crf18": {
          "jf": 0.13274749248927914,
          "j": 0.07312172380304637,
          "f": 0.1923732611755119
        },
        "crf23": {
          "jf": 0.10473645992698243,
          "j": 0.05672546328459169,
          "f": 0.15274745656937316
        },
        "crf28": {
          "jf": 0.16004741172749953,
          "j": 0.09103164471833787,
          "f": 0.22906317873666113
        }
      }
    },
    {
      "video": "boat",
      "n_frames": 50,
      "jf_clean": 0.016799561133709354,
      "j_clean": 0.00658376751662942,
      "f_clean": 0.02701535475078929,
      "jf_adv": 0.746068742204316,
      "j_adv": 0.7547703594398062,
      "f_adv": 0.7373671249688256,
      "jf_codec": 0.7174190739859979,
      "j_codec": 0.7424559657929143,
      "f_codec": 0.6923821821790814,
      "delta_jf_adv": -0.7292691810706066,
      "delta_jf_codec": -0.7006195128522885,
      "mean_ssim": 0.9541508312780096,
      "mean_psnr": 32.6198616027832,
      "mean_lpips": 0.12221991002559662,
      "codec_sweep": {
        "crf18": {
          "jf": 0.7281772987320769,
          "j": 0.7468685166504443,
          "f": 0.7094860808137095
        },
        "crf23": {
          "jf": 0.7174190739859979,
          "j": 0.7424559657929143,
          "f": 0.6923821821790814
        },
        "crf28": {
          "jf": 0.705948941531088,
          "j": 0.7275724507730785,
          "f": 0.6843254322890973
        }
      }
    },
    {
      "video": "bus",
      "n_frames": 50,
      "jf_clean": 0.9353332199214376,
      "j_clean": 0.9610894118111236,
      "f_clean": 0.9095770280317517,
      "jf_adv": 0.9296450372815278,
      "j_adv": 0.9596426603070856,
      "f_adv": 0.8996474142559704,
      "jf_codec": 0.9305115084791659,
      "j_codec": 0.9597585504969515,
      "f_codec": 0.9012644664613804,
      "delta_jf_adv": 0.005688182639909778,
      "delta_jf_codec": 0.0048217114422717255,
      "mean_ssim": 0.9508565095967524,
      "mean_psnr": 33.16936111450195,
      "mean_lpips": 0.061083583310246464,
      "codec_sweep": {
        "crf18": {
          "jf": 0.9312710215841673,
          "j": 0.960137925521535,
          "f": 0.9024041176468
        },
        "crf23": {
          "jf": 0.9305115084791659,
          "j": 0.9597585504969515,
          "f": 0.9012644664613804
        },
        "crf28": {
          "jf": 0.9140386540890745,
          "j": 0.9523347609376478,
          "f": 0.875742547240501
        }
      }
    },
    {
      "video": "car-roundabout",
      "n_frames": 50,
      "jf_clean": 0.951653402812839,
      "j_clean": 0.9833485764902321,
      "f_clean": 0.9199582291354463,
      "jf_adv": 0.9511310465569087,
      "j_adv": 0.9828596287055918,
      "f_adv": 0.9194024644082258,
      "jf_codec": 0.948629338908713,
      "j_codec": 0.9819336089679142,
      "f_codec": 0.9153250688495119,
      "delta_jf_adv": 0.0005223562559303341,
      "delta_jf_codec": 0.0030240639041260176,
      "mean_ssim": 0.9617926324331634,
      "mean_psnr": 32.46861267089844,
      "mean_lpips": 0.05725395746529102,
      "codec_sweep": {
        "crf18": {
          "jf": 0.9512189303621571,
          "j": 0.9828329594139789,
          "f": 0.9196049013103356
        },
        "crf23": {
          "jf": 0.948629338908713,
          "j": 0.9819336089679142,
          "f": 0.9153250688495119
        },
        "crf28": {
          "jf": 0.9453494412686176,
          "j": 0.9804997573495828,
          "f": 0.9101991251876521
        }
      }
    },
    {
      "video": "car-turn",
      "n_frames": 50,
      "jf_clean": 0.9541715954422982,
      "j_clean": 0.9650916009688589,
      "f_clean": 0.9432515899157374,
      "jf_adv": 0.9429296552445599,
      "j_adv": 0.959105995698939,
      "f_adv": 0.9267533147901807,
      "jf_codec": 0.9443885711087384,
      "j_codec": 0.9600343235811559,
      "f_codec": 0.9287428186363208,
      "delta_jf_adv": 0.011241940197738387,
      "delta_jf_codec": 0.00978302433355982,
      "mean_ssim": 0.9422070955824161,
      "mean_psnr": 32.3286247253418,
      "mean_lpips": 0.08908279508352279,
      "codec_sweep": {
        "crf18": {
          "jf": 0.944293750612875,
          "j": 0.959957888929486,
          "f": 0.9286296122962641
        },
        "crf23": {
          "jf": 0.9443885711087384,