{
  "args": {
    "mode": "ours",
    "checkpoint": "/IMBR_Data/Student-home/2025M_LvShaoting/sam2_privacy_preprocessor/results_v100/B2_v100_ours_s2_steps3000/g_theta_final.pt",
    "uap_delta": null,
    "stage": 2,
    "channels": 32,
    "num_blocks": 4,
    "max_delta": 0.03137254901960784,
    "davis_root": "/IMBR_Data/Student-home/2025M_LvShaoting/sam2_privacy_preprocessor/data/davis",
    "videos": "dog-agility,drone,elephant,flamingo,drift-chicane,drift-straight,drift-turn,dogs-scale,dog-gooses",
    "max_frames": 80,
    "crf": [
      18,
      23,
      28,
      35
    ],
    "g_theta_size": 512,
    "ffmpeg_path": "ffmpeg",
    "sam2_checkpoint": "/IMBR_Data/Student-home/2025M_LvShaoting/sam2_privacy_preprocessor/checkpoints/sam2.1_hiera_tiny.pt",
    "sam2_config": "configs/sam2.1/sam2.1_hiera_t.yaml",
    "save_dir": "/IMBR_Data/Student-home/2025M_LvShaoting/sam2_privacy_preprocessor/results_v100",
    "tag": "B2S2_v100"
  },
  "results": [
    {
      "video": "dog-agility",
      "n_frames": 25,
      "jf_clean": 0.8900499457006131,
      "j_clean": 0.9188393374454493,
      "f_clean": 0.861260553955777,
      "jf_adv": 0.8900413542894663,
      "j_adv": 0.9241637355949883,
      "f_adv": 0.8559189729839441,
      "jf_codec": 0.8796414410656584,
      "j_codec": 0.9184024103664548,
      "f_codec": 0.8408804717648618,
      "delta_jf_adv": 8.591411146841033e-06,
      "delta_jf_codec": 0.010408504634954685,
      "mean_ssim": 0.9512272920184823,
      "mean_psnr": 32.36492919921875,
      "mean_lpips": 0.07248712033033371,
      "codec_sweep": {
        "crf18": {
          "jf": 0.8796414410656584,
          "j": 0.9184024103664548,
          "f": 0.8408804717648618
        },
        "crf23": {
          "jf": 0.8758873742499519,
          "j": 0.9189875064065152,
          "f": 0.8327872420933886
        },
        "crf28": {
          "jf": 0.8637802661966589,
          "j": 0.9137281654574891,
          "f": 0.8138323669358283
        },
        "crf35": {
          "jf": 0.8377005150139469,
          "j": 0.8992431343095809,
          "f": 0.776157895718313
        }
      }
    },
    {
      "video": "drone",
      "n_frames": 80,
      "jf_clean": 0.18611965972871236,
      "j_clean": 0.1705552726584353,
      "f_clean": 0.20168404679898946,
      "jf_adv": 0.1890382375488057,
      "j_adv": 0.17379034135741572,
      "f_adv": 0.20428613374019564,
      "jf_codec": 0.2622724329660746,
      "j_codec": 0.24519664288379897,
      "f_codec": 0.2793482230483503,
      "delta_jf_adv": -0.002918577820093332,
      "delta_jf_codec": -0.07615277323736225,
      "mean_ssim": 0.9363294089763865,
      "mean_psnr": 33.41057205200195,
      "mean_lpips": 0.11589143066667021,
      "codec_sweep": {
        "crf18": {
          "jf": 0.2622724329660746,
          "j": 0.24519664288379897,
          "f": 0.2793482230483503
        },
        "crf23": {
          "jf": 0.185458042360297,
          "j": 0.16978319408307346,
          "f": 0.20113289063752057
        },
        "crf28": {
          "jf": 0.18403042373737982,
          "j": 0.16921944472316305,
          "f": 0.19884140275159654
        },
        "crf35": {
          "jf": 0.15952388021523464,
          "j": 0.14312512240758873,
          "f": 0.1759226380228806
        }
      }
    },
    {
      "video": "elephant",
      "n_frames": 80,
      "jf_clean": 0.8552775341375419,
      "j_clean": 0.9621119501983516,
      "f_clean": 0.748443118076732,
      "jf_adv": 0.8544710104269626,
      "j_adv": 0.9594240624701715,
      "f_adv": 0.7495179583837536,
      "jf_codec": 0.853534544825689,
      "j_codec": 0.9592862738174677,
      "f_codec": 0.74778281583391,
      "delta_jf_adv": 0.000806523710579321,
      "delta_jf_codec": 0.001742989311852905,
      "mean_ssim": 0.9416322608356719,
      "mean_psnr": 32.21770477294922,
      "mean_lpips": 0.10109458044171334,
      "codec_sweep": {
        "crf18": {
          "jf": 0.853534544825689,
          "j": 0.9592862738174677,
          "f": 0.74778281583391
        },
        "crf23": {
          "jf": 0.8506114049260631,
          "j": 0.9572227272078575,
          "f": 0.7440000826442686
        },
        "crf28": {
          "jf": 0.845193867963048,
          "j": 0.9533593828862053,
          "f": 0.7370283530398906
        },
        "crf35": {
          "jf": 0.8320544529799573,
          "j": 0.9424923470823391,
          "f": 0.7216165588775756
        }
      }
    },
    {
      "video": "flamingo",
      "n_frames": 80,
      "jf_clean": 0.9679989826174638,
      "j_clean": 0.951380641385453,
      "f_clean": 0.9846173238494744,
      "jf_adv": 0.967087198233209,
      "j_adv": 0.9509028532062407,
      "f_adv": 0.983271543260177,
      "jf_codec": 0.9635628931287232,
      "j_codec": 0.9466193336921224,
      "f_codec": 0.9805064525653243,
      "delta_jf_adv": 0.0009117843842547657,
      "delta_jf_codec": 0.0044360894887405244,
      "mean_ssim": 0.9263230542631244,
      "mean_psnr": 32.61616134643555,
      "mean_lpips": 0.11294931741431355,
      "codec_sweep": {
        "crf18": {
          "jf": 0.9635628931287232,
          "j": 0.9466193336921224,
          "f": 0.9805064525653243
        },
        "crf23": {
          "jf": 0.959596938018246,
          "j": 0.9420372964525356,
          "f": 0.9771565795839564
        },
        "crf28": {
          "jf": 0.9554942625725948,
          "j": 0.9368767576782258,
          "f": 0.9741117674669638
        },
        "crf35": {
          "jf": 0.8300428163060058,
          "j": 0.8296511682509188,
          "f": 0.8304344643610932
        }
      }
    },
    {
      "video": "drift-chicane",
      "n_frames": 52,
      "jf_clean": 0.906737928980476,
      "j_clean": 0.9040389455177347,
      "f_clean": 0.9094369124432178,
      "jf_adv": 0.9095652542613435,
      "j_adv": 0.9069415088239677,
      "f_adv": 0.9121889996987196,
      "jf_codec": 0.893665130460792,
      "j_codec": 0.8942498134912399,
      "f_codec": 0.893080447430344,
      "delta_jf_adv": -0.0028273252808674876,
      "delta_jf_codec": 0.013072798519684015,
      "mean_ssim": 0.9326800005600574,
      "mean_psnr": 33.069725036621094,
      "mean_lpips": 0.09902231853741866,
      "codec_sweep": {
        "crf18": {
          "jf": 0.893665130460792,
          "j": 0.8942498134912399,
          "f": 0.893080447430344
        },
        "crf23": {
          "jf": 0.8891546452331797,
          "j": 0.8898450167850965,
          "f": 0.8884642736812628
        },
        "crf28": {
          "jf": 0.871672476545091,
          "j": 0.8766276932561037,
          "f": 0.8667172598340784
        },
        "crf35": {
          "jf": 0.7789202289433315,
          "j": 0.7930361960539968,
          "f": 0.7648042618326663
        }
      }
    },
    {
      "video": "drift-straight",
      "n_frames": 50,
      "jf_clean": 0.9403833620713195,
      "j_clean": 0.9619597842459348,
      "f_clean": 0.918806939896704,
      "jf_adv": 0.9362178817805268,
      "j_adv": 0.9595545488253743,
      "f_adv": 0.9128812147356793,
      "jf_codec": 0.9321361666339656,
      "j_codec": 0.9574964970551757,
      "f_codec": 0.9067758362127557,
      "delta_jf_adv": 0.004165480290792667,
      "delta_jf_codec": 0.00824719543735386,
      "mean_ssim": 0.9573414925048612,
      "mean_psnr": 32.9918327331543,
      "mean_lpips": 0.07382854454219341,
      "codec_sweep": {
        "crf18": {
          "jf": 0.9321361666339656,
          "j": 0.9574964970551757,
          "f": 0.9067758362127557
        },
        "crf23": {
          "jf": 0.9261433351445081,
          "j": 0.9534353785530492,
          "f": 0.8988512917359667
        },
        "crf28": {
          "jf": 0.9187382979868055,
          "j": 0.9499607551512987,
          "f": 0.8875158408223127
        },
        "crf35": {
          "jf": 0.8978913389022292,
          "j": 0.9406635104865887,